City_ID,City,Country,Lat,Lng,Max Temp,Humidity,Cloudiness,Wind Speed,Current Description
0,Tangwani,PK,28.2787,68.9972,53.53,38,79,11.99,broken clouds
1,Hermanus,ZA,-34.4187,19.2345,63.9,93,91,3.22,overcast clouds
2,Tuatapere,NZ,-46.1333,167.6833,59.83,45,0,6.82,clear sky
3,Mataura,NZ,-46.1927,168.8643,59.49,36,21,1.88,few clouds
4,Bethel,US,41.3712,-73.414,27.64,75,0,3.44,clear sky
5,Yellowknife,CA,62.456,-114.3525,-1.68,84,75,4.61,light snow
6,Lasa,IT,46.6166,10.7002,44.06,86,100,5.79,light snow
7,Punta Arenas,CL,-53.15,-70.9167,51.91,87,75,6.91,broken clouds
8,Rikitea,PF,-23.1203,-134.9692,79.0,71,45,19.26,scattered clouds
9,Puerto Ayora,EC,-0.7393,-90.3518,73.54,92,15,3.0,few clouds
10,Atuona,PF,-9.8,-139.0333,78.91,74,12,18.68,few clouds
11,Mbandaka,CD,0.0487,18.2603,73.38,40,71,2.28,broken clouds
12,Tuktoyaktuk,CA,69.4541,-133.0374,-27.4,68,75,12.66,broken clouds
13,Teya,RU,60.3778,92.6267,4.28,99,99,2.77,overcast clouds
14,Puerto Penasco,MX,31.3167,-113.5333,70.92,12,0,5.99,clear sky
15,Ventspils,LV,57.3894,21.5606,35.53,93,100,1.14,overcast clouds
16,Ribeira Grande,PT,38.5167,-28.7,61.21,84,11,13.78,few clouds
17,Vaini,TO,-21.2,-175.2,78.96,94,100,12.66,light rain
18,Bluff,NZ,-46.6,168.3333,59.81,63,0,12.57,clear sky
19,Sibu,MY,2.3,111.8167,77.31,88,40,5.75,scattered clouds
20,Pinawa,CA,50.1489,-95.8811,-8.86,100,93,2.75,overcast clouds
21,Dubbo,AU,-32.25,148.6167,73.53,49,100,17.27,overcast clouds
22,Kavieng,PG,-2.5744,150.7967,83.79,71,89,2.24,overcast clouds
23,Cheremukhovo,RU,60.3484,59.9851,3.65,98,100,4.12,overcast clouds
24,Hilo,US,19.7297,-155.09,75.25,89,80,1.99,broken clouds
25,Castro,BR,-24.7911,-50.0119,64.29,79,6,0.04,clear sky
26,Ust-Kuyga,RU,70.0167,135.6,-39.86,100,100,4.29,overcast clouds
27,Sola,VU,-13.8833,167.55,82.83,80,100,20.13,moderate rain
28,Praia,CV,14.9215,-23.5087,68.54,83,0,16.11,clear sky
29,Ahipara,NZ,-35.1667,173.1667,75.25,96,92,6.13,overcast clouds
30,Migori,KE,-1.0634,34.4731,63.48,79,64,5.17,broken clouds
31,Henties Bay,NA,-22.116,14.2845,68.86,85,96,5.7,light rain
32,Charters Towers,AU,-20.1,146.2667,81.57,50,96,9.89,overcast clouds
33,Ushuaia,AR,-54.8,-68.3,62.26,63,75,11.5,broken clouds
34,Arraial Do Cabo,BR,-22.9661,-42.0278,76.14,89,0,20.98,clear sky
35,Camocim,BR,-2.9022,-40.8411,78.73,83,1,11.03,clear sky
36,Severo-Kurilsk,RU,50.6789,156.125,32.27,81,100,11.5,overcast clouds
37,Mareeba,AU,-17.0,145.4333,80.44,74,43,4.21,scattered clouds
38,Qaanaaq,GL,77.484,-69.3632,-12.53,59,36,8.34,scattered clouds
39,Chapais,CA,49.7834,-74.8492,4.78,95,100,6.89,light snow
40,Feijo,BR,-8.1642,-70.3536,72.3,97,99,1.39,overcast clouds
41,Busselton,AU,-33.65,115.3333,65.08,57,36,19.1,scattered clouds
42,Saldanha,ZA,-33.0117,17.9442,60.85,99,28,7.02,scattered clouds
43,Beyneu,KZ,45.3167,55.2,29.19,83,100,7.02,overcast clouds
44,Cabo San Lucas,MX,22.8909,-109.9124,68.61,72,20,0.0,few clouds
45,Ponta Do Sol,PT,32.6667,-17.1,63.23,68,9,10.22,clear sky
46,Muros,ES,42.7762,-9.0603,50.23,90,14,9.17,few clouds
47,San Patricio,US,28.017,-97.5169,61.21,78,100,10.0,overcast clouds
48,Port Hardy,CA,50.6996,-127.4199,47.75,81,100,14.97,light intensity shower rain
49,Scarborough,GB,54.2797,-0.4044,37.53,78,0,1.01,clear sky
50,Dwarka,IN,22.2394,68.9678,67.21,65,1,6.38,clear sky
51,Monrovia,LR,6.3005,-10.7969,79.86,84,99,7.45,overcast clouds
52,Grindavik,IS,63.8424,-22.4338,32.47,74,100,33.38,heavy snow
53,Iqaluit,CA,63.7506,-68.5145,-36.67,65,0,3.0,clear sky
54,Saint-Louis,SN,16.3333,-15.0,77.68,10,0,8.68,clear sky
55,Tulskiy,RU,44.5094,40.1762,31.05,83,100,3.06,overcast clouds
56,Vaitape,PF,-16.5167,-151.75,81.32,73,100,18.7,light rain
57,Kongoussi,BF,13.3258,-1.5347,68.5,14,0,9.35,clear sky
58,Tiksi,RU,71.6872,128.8694,-16.4,99,100,5.91,overcast clouds
59,Butaritari,KI,3.0707,172.7902,82.58,74,85,15.75,light rain
60,Hofn,IS,64.2539,-15.2082,29.41,65,100,10.98,overcast clouds
61,Georgetown,MY,5.4112,100.3354,78.89,90,20,0.0,few clouds
62,Praia Da Vitoria,PT,38.7333,-27.0667,60.76,94,75,17.83,broken clouds
63,Coahuayana,MX,18.7333,-103.6833,81.88,67,94,2.89,overcast clouds
64,Barrow,US,71.2906,-156.7887,-25.58,62,0,12.66,clear sky
65,Norman Wells,CA,65.282,-126.8329,-12.96,70,100,19.57,light snow
66,Cabra,ES,37.4725,-4.4421,51.13,82,0,3.27,clear sky
67,Pevek,RU,69.7008,170.3133,-23.1,98,31,0.96,scattered clouds
68,Ambon,ID,-3.6954,128.1814,86.14,74,40,4.61,scattered clouds
69,East London,ZA,-33.0153,27.9116,71.76,84,100,15.35,overcast clouds
70,Tasiilaq,GL,65.6145,-37.6368,23.16,56,100,53.35,overcast clouds
71,Egvekinot,RU,66.3167,-179.1667,-11.06,83,1,7.36,clear sky
72,Khasan,RU,42.4308,130.6434,19.99,50,2,11.95,clear sky
73,Pangody,RU,65.85,74.4859,-20.99,100,90,4.79,overcast clouds
74,Katsuura,JP,35.1333,140.3,42.91,35,15,9.33,few clouds
75,Kushmurun,KZ,52.4503,64.6311,8.71,91,100,4.92,overcast clouds
76,Port Alfred,ZA,-33.5906,26.891,74.23,78,100,4.43,overcast clouds
77,Chuy,UY,-33.6971,-53.4616,63.05,67,0,14.41,clear sky
78,La Ronge,CA,55.1001,-105.2842,14.25,85,100,5.75,overcast clouds
79,Ashland,US,40.8167,-82.2665,29.82,78,100,7.87,overcast clouds
80,La Libertad,EC,-2.2333,-80.9,74.86,81,62,6.64,broken clouds
81,Kanniyakumari,IN,8.0833,77.5667,75.85,76,77,12.06,broken clouds
82,Cidreira,BR,-30.1811,-50.2056,69.87,71,10,11.12,clear sky
83,Longyearbyen,SJ,78.2186,15.6401,17.44,73,0,9.22,clear sky
84,Sabang,ID,5.8933,95.3214,77.97,81,100,6.71,overcast clouds
85,Bredasdorp,ZA,-34.5322,20.0403,62.28,88,8,3.44,clear sky
86,Khani,GE,41.9563,42.9566,24.37,93,94,2.59,light snow
87,Faya,SA,18.3851,42.4509,48.31,80,15,2.71,few clouds
88,Severo-Yeniseyskiy,RU,60.3725,93.0408,0.99,99,99,2.28,overcast clouds
89,Albany,US,42.6001,-73.9662,20.44,75,10,2.55,clear sky
90,Mackay,AU,-21.15,149.2,81.68,66,14,19.33,few clouds
91,Ercis,TR,39.0287,43.3586,22.6,87,26,5.26,scattered clouds
92,Constitucion,CL,-35.3333,-72.4167,58.86,81,0,8.03,clear sky
93,Kenai,US,60.5544,-151.2583,28.15,92,0,3.44,clear sky
94,Kloulklubed,PW,7.0419,134.2556,84.7,79,39,22.73,scattered clouds
95,Saint-Philippe,RE,-21.3585,55.7679,76.59,84,99,13.4,overcast clouds
96,Shinjo,JP,38.7586,140.3008,32.88,92,100,15.14,light snow
97,Tamale,GH,9.4008,-0.8393,78.37,16,3,6.17,clear sky
98,Fortuna,US,40.5982,-124.1573,58.19,90,40,0.0,scattered clouds
99,Carnarvon,AU,-24.8667,113.6333,73.51,55,8,21.65,clear sky
100,Taseyevo,RU,57.2169,94.8978,6.48,96,100,1.99,overcast clouds
101,Ciudad Bolivar,VE,8.1222,-63.5497,82.29,64,46,15.99,scattered clouds
102,Ca Mau,VN,9.1769,105.15,81.25,64,62,8.77,broken clouds
103,Jamestown,US,42.097,-79.2353,31.59,53,0,4.0,clear sky
104,Kapaa,US,22.0752,-159.319,79.12,70,20,3.0,few clouds
105,Matehuala,MX,23.65,-100.65,62.62,50,66,5.03,broken clouds
106,Tuy Hoa,VN,13.0833,109.3,73.4,90,93,5.21,overcast clouds
107,Katherine,AU,-14.4667,132.2667,84.52,74,40,5.75,scattered clouds
108,Kodiak,US,57.79,-152.4072,36.91,44,100,6.91,overcast clouds
109,Balkhash,KZ,46.844,74.9804,16.41,86,100,6.71,snow
110,Ilulissat,GL,69.2167,-51.1,3.22,60,100,9.22,overcast clouds
111,Chokurdakh,RU,70.6333,147.9167,-41.08,100,70,2.53,broken clouds
112,Bere,TD,9.3202,16.1552,72.0,21,13,4.41,few clouds
113,Lodja,CD,-3.4833,23.4333,69.87,96,100,1.88,overcast clouds
114,Puerto Carreno,CO,6.189,-67.4859,86.68,47,99,3.53,overcast clouds
115,Viedma,AR,-40.8135,-62.9967,62.8,68,0,11.63,clear sky
116,Ossora,RU,59.2353,163.0719,11.44,80,100,11.36,overcast clouds
117,Pisco,PE,-13.7,-76.2167,68.02,88,0,5.75,clear sky
118,Thompson,CA,55.7435,-97.8558,-7.44,71,100,4.61,overcast clouds
119,Dallas,US,32.7668,-96.7836,50.54,52,20,0.0,few clouds
120,Dikson,RU,73.5069,80.5464,-15.29,98,100,14.74,overcast clouds
121,Phan Thiet,VN,10.9333,108.1,80.01,64,68,6.6,broken clouds
122,Te Anau,NZ,-45.4167,167.7167,65.93,46,34,2.59,scattered clouds
123,Avarua,CK,-21.2078,-159.775,82.45,74,75,16.11,broken clouds
124,Port Elizabeth,ZA,-33.918,25.5701,69.1,77,0,4.61,clear sky
125,Kaele,CM,10.1092,14.4508,71.98,20,0,12.28,clear sky
126,Wattegama,LK,6.7989,81.4808,69.96,83,90,4.43,light rain
127,Lavrentiya,RU,65.5833,-171.0,-12.78,94,9,3.2,clear sky
128,Locri,IT,38.2414,16.2623,56.55,88,8,7.58,clear sky
129,Khatanga,RU,71.9667,102.5,-15.39,98,99,9.24,overcast clouds
130,Biograd Na Moru,HR,43.9433,15.4519,53.76,86,100,14.27,overcast clouds
131,Mankera,PK,31.3866,71.4407,53.04,57,3,8.12,clear sky
132,Okato,NZ,-39.2,173.8833,64.69,90,100,8.59,overcast clouds
133,Suntar,RU,62.1444,117.6319,-0.29,98,100,3.53,overcast clouds
134,Warrnambool,AU,-38.3833,142.4833,78.82,48,0,5.79,clear sky
135,Bathsheba,BB,13.2167,-59.5167,79.41,78,75,14.97,broken clouds
136,Dingle,PH,10.9995,122.6711,80.91,72,91,13.94,overcast clouds
137,Erzin,TR,36.9559,36.2,38.12,75,0,3.47,clear sky
138,Berlevag,NO,70.8578,29.0864,19.31,86,44,20.69,scattered clouds
139,Hobart,AU,-42.8794,147.3294,77.02,47,20,1.01,few clouds
140,Urengoy,RU,65.9667,78.3667,-26.73,100,94,3.44,overcast clouds
141,Yongan,CN,39.6957,113.6871,20.19,30,100,0.76,overcast clouds
142,Vila Franca Do Campo,PT,37.7167,-25.4333,60.19,85,43,11.88,scattered clouds
143,Kaitangata,NZ,-46.2817,169.8464,58.93,77,62,6.69,broken clouds
144,Turukhansk,RU,65.8167,87.9833,-24.38,100,29,3.33,scattered clouds
145,Cape Town,ZA,-33.9258,18.4232,64.11,85,20,1.01,few clouds
146,Rochegda,RU,62.8,43.25,7.81,95,100,6.71,overcast clouds
147,Kaeo,NZ,-35.1,173.7833,77.32,98,100,5.91,overcast clouds
148,Lagoa,PT,39.05,-27.9833,59.67,86,8,15.26,clear sky
149,Manado,ID,1.487,124.8455,86.77,74,40,4.61,scattered clouds
150,Victoria,HK,22.2855,114.1577,63.97,92,99,11.99,overcast clouds
151,Vestmannaeyjar,IS,63.4427,-20.2734,37.9,75,100,42.64,heavy intensity rain
152,Half Moon Bay,US,37.4636,-122.4286,67.24,53,0,5.75,clear sky
153,Isangel,VU,-19.55,169.2667,82.51,94,100,1.14,moderate rain
154,Raga,SS,8.4596,25.678,62.71,22,24,5.44,few clouds
155,Carauari,BR,-4.8828,-66.8958,73.71,98,100,1.28,light rain
156,Laguna,US,38.421,-121.4238,64.69,51,0,1.01,clear sky
157,Chabahar,IR,25.2919,60.643,69.91,64,0,11.86,clear sky
158,Okha,RU,53.5739,142.9478,3.42,94,100,23.96,light snow
159,Ostrovnoy,RU,68.0531,39.5131,12.33,87,17,20.45,few clouds
160,Trento,IT,46.0679,11.1211,42.94,65,100,1.99,overcast clouds
161,Lebu,CL,-37.6167,-73.65,59.63,90,0,14.27,clear sky
162,Nago,JP,26.5881,127.9761,64.47,63,96,8.63,overcast clouds
163,Tura,IN,25.5198,90.2201,51.03,78,0,3.09,clear sky
164,Narsaq,GL,60.9167,-46.05,8.82,82,100,3.62,overcast clouds
165,Faanui,PF,-16.4833,-151.75,81.32,73,100,18.79,light rain
166,Sabaudia,IT,41.3003,13.0282,53.56,98,6,10.09,clear sky
167,Nikolskoye,RU,59.7035,30.7861,35.87,95,100,9.19,overcast clouds
168,Volsk,RU,52.0333,47.3833,0.57,97,93,4.03,overcast clouds
169,Hasaki,JP,35.7333,140.8333,43.29,39,6,10.02,clear sky
170,Mar Del Plata,AR,-38.0023,-57.5575,64.42,76,100,24.0,overcast clouds
171,Alofi,NU,-19.0595,-169.9187,82.29,83,100,8.05,overcast clouds
172,Saskylakh,RU,71.9167,114.0833,-24.18,100,97,3.4,overcast clouds
173,Bengkulu,ID,-3.8004,102.2655,76.39,88,99,8.9,overcast clouds
174,Upernavik,GL,72.7868,-56.1549,-16.53,100,100,9.57,overcast clouds
175,Leningradskiy,RU,69.3833,178.4167,-24.88,99,50,3.04,scattered clouds
176,Caravelas,BR,-17.7125,-39.2481,77.09,84,68,6.2,broken clouds
177,Kimbe,PG,-5.5502,150.1429,86.04,69,89,5.68,light rain
178,Winnemucca,US,40.973,-117.7357,48.25,27,0,5.75,clear sky
179,Dukat,RU,62.55,155.55,-5.42,73,2,1.05,clear sky
180,Dicabisagan,PH,17.0818,122.4157,74.28,89,100,11.1,overcast clouds
181,Denpasar,ID,-8.65,115.2167,83.86,83,20,11.5,few clouds
182,Saint George,US,37.1041,-113.5841,55.99,19,0,18.41,clear sky
183,Sumbe,AO,-11.2061,13.8437,74.43,77,100,3.38,overcast clouds
184,Bambous Virieux,MU,-20.3428,57.7575,77.25,83,40,6.91,light rain
185,Kahului,US,20.8947,-156.47,80.62,59,0,23.02,clear sky
186,Chapleau,CA,47.8405,-83.4034,17.69,100,100,2.3,overcast clouds
187,Port Lincoln,AU,-34.7333,135.8667,79.14,47,0,15.32,clear sky
188,Natitingou,BJ,10.3042,1.3796,72.52,20,0,5.66,clear sky
189,Manavalakurichi,IN,8.1333,77.3,77.09,80,44,5.55,scattered clouds
190,Airai,TL,-8.9266,125.4092,72.12,67,8,1.16,clear sky
191,Axim,GH,4.8699,-2.2405,78.4,87,100,5.5,overcast clouds
192,Maneadero,MX,31.7167,-116.5667,66.18,68,0,1.01,clear sky
193,Sobolevo,RU,54.4299,31.8996,30.02,95,100,14.09,snow
194,Comodoro Rivadavia,AR,-45.8667,-67.5,66.06,52,0,4.61,clear sky
195,Komsomolskiy,UZ,40.4272,71.7189,38.12,87,75,2.3,broken clouds
196,Portland,US,45.5234,-122.6762,57.15,74,20,1.01,few clouds
197,Manta,EC,-0.95,-80.7333,76.78,83,75,9.22,broken clouds
198,Teknaf,BD,20.8624,92.3058,57.61,69,7,7.36,clear sky
199,Bandarbeyla,SO,9.4942,50.8122,74.66,75,97,13.0,overcast clouds
200,Lorengau,PG,-2.0226,147.2712,83.32,77,99,8.61,overcast clouds
201,Aquiraz,BR,-3.9014,-38.3911,82.18,78,4,7.27,clear sky
202,Tonj,SS,7.2737,28.6822,69.4,22,88,5.12,overcast clouds
203,Chunskiy,RU,56.0815,99.6342,6.12,98,100,2.53,overcast clouds
204,Cockburn Town,TC,21.4612,-71.1419,75.16,64,20,9.22,few clouds
205,Gat,IL,31.61,34.7642,54.91,100,4,7.07,clear sky
206,Zorleni,RO,46.2667,27.7167,42.31,49,100,10.58,overcast clouds
207,Nargana,PA,9.4428,-78.5906,78.78,75,0,11.54,clear sky
208,Mogadouro,PT,41.3403,-6.7119,29.79,62,96,3.87,overcast clouds
209,Talnakh,RU,69.4865,88.3972,-28.43,99,57,1.5,broken clouds
210,Kabalo,CD,-6.05,26.9167,68.36,98,100,3.11,light rain
211,Olafsvik,IS,64.8945,-23.7142,30.27,61,100,26.6,snow
212,Hithadhoo,MV,-0.6,73.0833,82.27,70,63,14.88,broken clouds
213,Perth,AU,-31.9333,115.8333,73.58,51,40,20.71,scattered clouds
214,Charyshskoye,RU,51.3978,83.5598,8.58,73,3,5.93,clear sky
215,Kuytun,RU,54.3419,101.5036,7.11,97,100,1.83,overcast clouds
216,Karratha,AU,-20.7377,116.8463,87.82,63,43,7.0,scattered clouds
217,Mahebourg,MU,-20.4081,57.7,77.29,83,40,6.91,scattered clouds
218,Wukari,NG,7.85,9.7833,71.53,21,1,4.25,clear sky
219,Ancud,CL,-41.8697,-73.8203,60.33,84,5,3.13,clear sky
220,Maua,BR,-23.6678,-46.4614,73.2,89,100,3.44,overcast clouds
221,Asau,RO,46.4333,26.4,38.32,69,100,5.93,overcast clouds
222,Iranshahr,IR,27.2025,60.6848,59.83,42,0,0.83,clear sky
223,Ponta Delgada,PT,37.7333,-25.6667,60.49,88,75,12.66,broken clouds
224,Kavaratti,IN,10.5669,72.642,77.54,67,5,7.45,clear sky
225,Provideniya,RU,64.3833,-173.3,3.31,66,0,4.47,clear sky
226,Masterton,NZ,-40.9597,175.6575,64.94,93,100,6.15,overcast clouds
227,Nador,MA,35.174,-2.9287,57.45,82,40,4.61,scattered clouds
228,Baherden,TM,38.4362,57.4316,36.84,64,22,6.35,few clouds
229,Santa Cruz,BO,-17.8,-63.1667,74.66,73,40,5.75,scattered clouds
230,Neuquen,AR,-38.9516,-68.0591,76.89,36,0,5.75,clear sky
231,Betsiamites,CA,48.9413,-68.646,13.89,96,100,4.47,light snow
232,Burnie,AU,-41.0667,145.9167,70.95,52,1,10.85,clear sky
233,Sawtell,AU,-30.3833,153.1,70.18,82,75,18.41,broken clouds
234,Hay River,CA,60.8156,-115.7999,21.18,79,75,6.91,broken clouds
235,Katsina,NG,12.9894,7.6006,61.74,16,0,11.07,clear sky
236,Torbay,CA,47.6666,-52.7314,12.76,75,40,16.11,scattered clouds
237,Coihaique,CL,-45.5752,-72.0662,70.41,56,100,5.75,overcast clouds
238,Tabas,IR,33.5959,56.9244,44.64,38,0,1.61,clear sky
239,Camacha,PT,33.0833,-16.3333,59.76,63,40,14.97,scattered clouds
240,Nishihara,JP,26.1842,127.7558,63.68,56,75,5.75,broken clouds
241,Seddon,AU,-37.8068,144.8916,85.3,40,0,4.61,clear sky
242,Thinadhoo,MV,0.5333,72.9333,82.29,63,100,11.92,overcast clouds
243,Bowen,AU,-20.0167,148.2333,82.62,56,70,17.47,broken clouds
244,Dunedin,NZ,-45.8742,170.5036,61.14,63,100,12.48,overcast clouds
245,Broken Hill,AU,-31.95,141.4333,80.31,29,0,12.66,clear sky
246,Yaan,NG,7.3833,8.5667,76.78,17,0,4.38,clear sky
247,Bambanglipuro,ID,-7.95,110.2833,79.99,81,100,4.81,overcast clouds
248,Morehead,US,37.2711,-87.1764,33.51,85,0,0.0,clear sky
249,Azangaro,PE,-14.9167,-70.2167,42.71,85,100,1.99,overcast clouds
250,Mogwase,ZA,-25.185,27.2665,63.21,68,0,6.46,clear sky
251,Almaznyy,RU,48.0448,40.045,30.34,94,91,8.48,overcast clouds
252,Pyaozerskiy,RU,65.8333,31.1667,17.71,94,100,9.48,light snow
253,Yar-Sale,RU,66.8333,70.8333,-9.53,99,41,8.95,scattered clouds
254,Ampanihy,MG,-24.7,44.75,73.2,92,100,15.52,moderate rain
255,Khudumelapye,BW,-23.8833,24.75,68.4,59,29,5.53,scattered clouds
256,West Wendover,US,40.7391,-114.0733,34.32,57,0,4.21,clear sky
257,New Norfolk,AU,-42.7826,147.0587,76.66,33,0,1.99,clear sky
258,Dekar,BW,-21.5333,21.9333,72.12,52,100,8.86,overcast clouds
259,Hervey Bay,AU,-25.2986,152.8535,80.04,89,97,8.99,light rain
260,Dzhebariki-Khaya,RU,62.2167,135.8,-28.77,95,84,0.87,broken clouds
261,Maba,CN,24.6841,113.5984,51.6,98,100,1.61,overcast clouds
262,Port Hedland,AU,-20.3167,118.5667,78.85,100,100,6.91,light intensity shower rain
263,Codrington,AU,-38.2667,141.9667,82.31,28,0,3.44,clear sky
264,Charagua,BO,-19.8,-63.2167,66.61,63,28,6.11,scattered clouds
265,Palana,RU,59.1167,159.9667,14.11,74,81,9.1,broken clouds
266,Mana,GF,5.6592,-53.7767,78.06,84,100,8.41,overcast clouds
267,Wachtebeke,BE,51.1788,3.8725,42.4,74,11,10.0,few clouds
268,Geraldton,AU,-28.7667,114.6,74.12,43,75,19.57,broken clouds
269,Glace Bay,CA,46.1969,-59.957,14.79,82,40,4.61,scattered clouds
270,Kuzedeyevo,RU,53.3308,87.2019,1.92,98,100,2.64,overcast clouds
271,Porto Belo,BR,-27.1578,-48.5531,78.75,78,43,12.57,scattered clouds
272,Palmer,US,42.1584,-72.3287,22.03,69,20,0.0,few clouds
273,Kampot,KH,10.6167,104.1833,82.45,64,96,5.39,overcast clouds
274,Okhotsk,RU,59.3833,143.3,-0.85,71,96,9.28,overcast clouds
275,Saint-Georges,GD,12.0564,-61.7485,78.48,83,75,14.97,broken clouds
276,Lindi,TZ,-10.0,39.7167,74.64,92,100,4.12,overcast clouds
277,Honiara,SB,-9.4333,159.95,84.92,76,100,7.38,overcast clouds
278,Juarez,MX,31.7333,-106.4833,51.98,25,0,11.99,clear sky
279,Gushikawa,JP,26.3544,127.8686,63.63,67,100,5.75,overcast clouds
280,Naze,JP,28.3667,129.4833,54.52,57,100,4.23,light rain
281,Natchez,US,31.5604,-91.4032,43.9,53,0,0.0,clear sky
282,Iquitos,PE,-3.7481,-73.2472,77.04,94,40,2.3,scattered clouds
283,Santo Domingo,DO,18.5001,-69.9886,74.03,89,75,4.0,broken clouds
284,Kongolo,CD,-5.3833,27.0,68.16,99,100,3.91,moderate rain
285,Meulaboh,ID,4.1363,96.1285,76.77,84,100,1.43,overcast clouds
286,Badin,PK,24.656,68.8384,64.56,78,0,7.72,clear sky
287,Krapivinskiy,RU,54.9992,86.8133,0.52,98,100,2.89,overcast clouds
288,Itarema,BR,-2.9248,-39.9167,79.57,75,0,12.44,clear sky
289,Bayan,CN,46.0833,127.4,0.99,94,100,2.57,overcast clouds
290,Dharchula,IN,29.85,80.5333,45.1,53,4,6.98,clear sky
291,Mao,ES,39.8885,4.2658,46.96,93,20,4.61,few clouds
292,Xuddur,SO,4.1213,43.8894,67.84,66,30,13.53,scattered clouds
293,Chadiza,ZM,-14.0678,32.4392,60.73,96,6,1.05,clear sky
294,Kropotkin,RU,45.4375,40.5756,31.26,86,100,10.04,overcast clouds
295,Verkhnyaya Inta,RU,65.9811,60.3094,0.7,90,100,7.25,overcast clouds
296,Lata,PT,40.1629,-8.3327,46.04,64,11,4.36,few clouds
297,Fomboni,KM,-12.28,43.7425,82.13,75,0,7.67,light rain
298,Anadyr,RU,64.75,177.4833,-17.52,82,0,6.71,clear sky
299,Broome,US,42.2506,-75.833,23.9,79,0,1.99,clear sky
300,Carlisle,US,40.2015,-77.1889,30.34,56,0,7.02,clear sky
301,Nizhniy Kuranakh,RU,58.8353,125.4869,-6.7,93,100,0.13,overcast clouds
302,Marawi,PH,7.9986,124.2928,72.64,62,29,3.13,scattered clouds
303,Vardo,NO,70.3705,31.1107,23.29,82,74,20.07,broken clouds
304,Saint-Pierre,RE,-21.3393,55.4781,76.68,83,0,6.91,clear sky
305,Sulphur Springs,US,33.1385,-95.6011,48.4,46,0,0.0,clear sky
306,Batagay-Alyta,RU,67.8006,130.4114,-25.29,96,100,3.31,overcast clouds
307,Flin Flon,CA,54.7682,-101.865,3.2,95,100,9.64,overcast clouds
308,Namibe,AO,-15.1961,12.1522,73.04,68,100,9.15,overcast clouds
309,Cariamanga,EC,-4.3333,-79.55,53.55,96,100,1.63,light rain
310,Skegness,GB,53.1436,0.3363,39.22,70,0,21.56,clear sky
311,Touros,BR,-5.1989,-35.4608,81.5,73,11,10.8,few clouds
312,Sorong,ID,-0.8833,131.25,83.71,70,100,6.91,overcast clouds
313,Serov,RU,59.6033,60.5787,4.46,99,100,5.01,overcast clouds
314,Honningsvag,NO,70.9821,25.9704,25.95,78,68,28.5,broken clouds
315,Nelson Bay,AU,-32.7167,152.15,77.29,63,68,17.58,broken clouds
316,Barsovo,RU,61.1667,73.1667,-4.99,97,51,9.26,broken clouds
317,Ialibu,PG,-6.2821,143.9935,70.74,53,100,4.94,overcast clouds
318,Hamilton,US,39.1834,-84.5333,31.84,81,0,0.0,clear sky
319,Galle,LK,6.0367,80.217,78.17,75,100,1.72,overcast clouds
320,Esperance,AU,-33.8667,121.9,66.02,54,15,26.33,few clouds
321,Sooke,CA,48.3746,-123.7276,47.52,88,17,11.5,few clouds
322,Poum,NC,-20.2333,164.0167,81.84,82,100,16.93,overcast clouds
323,Boone,US,39.0334,-92.3335,38.86,92,4,4.18,clear sky
324,Baghdad,IQ,33.3406,44.4009,42.71,65,0,1.14,clear sky
325,Auki,SB,-8.7676,160.7034,84.43,79,100,11.32,overcast clouds
326,Ruston,US,32.5232,-92.6379,41.9,68,0,3.98,clear sky
327,Shelopugino,RU,51.6514,117.5599,-6.7,100,100,1.95,overcast clouds
328,Saiha,IN,22.4833,92.9667,46.67,67,6,3.62,clear sky
329,Sabha,LY,27.0377,14.4283,54.09,23,15,9.86,few clouds
330,Port Macquarie,AU,-31.4333,152.9167,72.9,62,63,15.7,light rain
331,Gorontalo,ID,0.5412,123.0595,84.02,67,99,2.51,light rain
332,Jacareacanga,BR,-6.2222,-57.7528,74.64,94,100,1.48,heavy intensity rain
333,Sisimiut,GL,66.9395,-53.6735,1.09,96,100,8.68,overcast clouds
334,Borogontsy,RU,62.6683,131.1683,-29.34,97,100,3.71,overcast clouds
335,Biak,ID,-0.9131,122.8766,81.1,69,100,2.15,overcast clouds
336,Kattivakkam,IN,13.2167,80.3167,79.07,75,86,3.62,overcast clouds
337,Harper,LR,4.375,-7.7169,79.09,83,100,7.2,overcast clouds
338,Kiunga,PG,-6.1219,141.2906,89.31,60,100,0.89,overcast clouds
339,Panjab,AF,34.388,67.0233,1.74,100,93,3.36,overcast clouds
340,Sholokhove,UA,47.6945,34.0312,32.88,90,76,14.38,broken clouds
341,Ubala,CO,4.7478,-72.5369,84.74,46,76,8.19,broken clouds
342,Tucupita,VE,9.0622,-62.051,72.68,97,40,4.43,scattered clouds
343,Bonfim,BR,3.0833,-59.95,80.22,71,79,2.95,broken clouds
344,Esso,RU,55.9333,158.7,15.66,87,94,2.71,overcast clouds
345,Clyde River,CA,70.4692,-68.5914,-30.77,68,0,10.36,clear sky
346,Kruisfontein,ZA,-34.0033,24.7314,66.88,66,0,1.1,clear sky
347,Husavik,IS,66.0449,-17.3389,22.91,90,100,10.58,overcast clouds
348,Tabou,CI,4.423,-7.3528,79.18,83,100,6.85,overcast clouds
349,Eyl,SO,7.9803,49.8164,73.44,77,100,14.34,overcast clouds
350,Grand Gaube,MU,-20.0064,57.6608,77.4,86,100,1.99,overcast clouds
351,Tinos,GR,37.5375,25.1634,54.36,69,15,8.16,few clouds
352,Kuching,MY,1.55,110.3333,79.02,89,20,2.3,few clouds
353,Livingston,GB,55.9029,-3.5226,36.23,84,0,10.36,clear sky
354,Luan,CH,46.3592,6.9759,37.02,92,100,1.01,moderate rain
355,Waingapu,ID,-9.6567,120.2641,84.65,70,11,8.97,few clouds
356,Lubao,PH,14.9167,120.55,81.14,76,97,15.1,overcast clouds
357,Naberera,TZ,-4.2,36.9333,62.35,91,100,0.81,light rain
358,Westport,US,41.1415,-73.3579,30.02,79,0,5.99,clear sky
359,Guerrero Negro,MX,27.9769,-114.0611,63.23,37,0,11.1,clear sky
360,Mahajanga,MG,-15.7167,46.3167,78.82,89,20,4.61,few clouds
361,Bratsk,RU,56.1325,101.6142,12.69,98,100,2.66,overcast clouds
362,Ajdabiya,LY,30.7554,20.2263,56.77,39,99,4.88,overcast clouds
363,Salekhard,RU,66.53,66.6019,-23.31,100,100,1.57,overcast clouds
364,Nalut,LY,30.3333,10.85,54.9,23,100,11.07,overcast clouds
365,Pinega,RU,64.7001,43.3936,10.58,94,99,8.55,overcast clouds
366,Nome,US,64.5011,-165.4064,-0.33,55,0,13.8,clear sky
367,Luderitz,NA,-26.6481,15.1594,69.17,72,59,2.84,broken clouds
368,Waipawa,NZ,-41.4122,175.5153,61.93,82,100,10.56,overcast clouds
369,Havelock,US,34.8791,-76.9013,44.02,84,67,1.99,broken clouds
370,Talalayivka,UA,50.9578,31.9209,24.62,91,48,10.0,scattered clouds
371,Vila Velha,BR,-20.3297,-40.2925,80.55,85,75,8.99,broken clouds
372,Brae,GB,60.3964,-1.353,39.11,52,100,34.92,overcast clouds
373,Gornopravdinsk,RU,60.05,69.9,10.08,94,100,8.9,overcast clouds
374,Nhamunda,BR,-2.1861,-56.7131,73.54,98,100,2.44,light rain
375,Tautira,PF,-17.7333,-149.15,86.02,74,95,20.04,light rain
376,Bekhtery,UA,46.251,32.2927,37.0,84,19,17.47,few clouds
377,Yulara,AU,-25.2406,130.9889,87.64,22,0,8.05,clear sky
378,Krasnoselkup,RU,65.7,82.4667,-21.68,100,26,7.4,scattered clouds
379,Sao Joao Da Barra,BR,-21.6403,-41.0511,77.0,87,0,23.31,clear sky
380,Wang Saphung,TH,17.301,101.7685,73.74,84,20,0.0,few clouds
381,Shingu,JP,33.7333,135.9833,43.79,43,74,8.25,broken clouds
382,Back Mountain,US,41.3359,-75.9963,24.57,89,4,3.15,clear sky
383,Henderson,US,36.0397,-114.9819,65.64,18,0,6.91,clear sky
384,Tsaratanana,MG,-16.7833,47.65,70.25,96,80,1.81,broken clouds
385,Bluefields,NI,12.0137,-83.7635,74.44,78,0,7.16,clear sky
386,Ayan,RU,56.45,138.1667,1.67,65,90,7.52,overcast clouds
387,Cherskiy,RU,68.75,161.3,-28.32,99,24,0.43,few clouds
388,Qinhuangdao,CN,39.9317,119.5883,27.03,50,100,2.1,overcast clouds
389,Remontnoye,RU,46.5614,43.6501,30.61,91,100,10.27,overcast clouds
390,Altay,CN,47.8667,88.1167,6.78,46,87,8.88,overcast clouds
391,Trenggalek,ID,-8.05,111.7167,80.89,82,97,3.31,overcast clouds
392,Miracema Do Tocantins,BR,-9.5618,-48.3967,74.5,91,74,2.89,light rain
393,Huttwil,CH,47.115,7.8621,45.55,91,100,23.96,overcast clouds
394,Prikubanskiy,RU,45.0015,41.1795,28.9,95,28,5.28,scattered clouds
395,Lingao,CN,19.9103,109.6859,70.16,88,27,10.78,scattered clouds
396,Gimli,CA,50.6336,-96.9907,-6.57,84,100,4.61,overcast clouds
397,Pangnirtung,CA,66.1451,-65.7125,-36.47,97,100,3.51,overcast clouds
398,Rongcheng,CN,30.634,117.8517,34.12,99,100,4.38,snow
399,Alta Floresta,BR,-9.8756,-56.0861,72.39,96,94,1.54,moderate rain
400,Quilmana,PE,-12.95,-76.3833,70.38,81,100,3.69,overcast clouds
401,Lazaro Cardenas,MX,17.9583,-102.2,76.23,67,13,7.67,few clouds
402,Serebryansk,KZ,49.6925,83.2892,-15.25,84,23,5.35,few clouds
403,Vao,NC,-22.6667,167.4833,80.67,83,54,9.91,broken clouds
404,Saint-Paul,RE,-21.0096,55.2707,77.11,72,82,6.76,broken clouds
405,Montevideo,UY,-34.8335,-56.1674,66.81,82,75,11.5,broken clouds
406,Mackenzie,CA,55.2999,-123.1698,41.22,60,75,13.8,broken clouds
407,Khor,RU,47.8861,134.9464,-0.15,94,99,6.26,overcast clouds
408,Jinchang,CN,38.4953,102.1739,12.47,83,25,4.23,scattered clouds
409,Northam,GB,51.0333,-4.2167,46.26,79,9,15.61,clear sky
410,Fallon,US,39.4735,-118.7774,51.58,29,0,4.61,clear sky
411,Namatanai,PG,-3.6667,152.4333,85.93,65,100,6.38,overcast clouds
412,Mpika,ZM,-11.8343,31.4529,60.15,99,100,2.84,light rain
413,Sitka,US,57.0531,-135.33,44.49,76,100,10.36,overcast clouds
414,Kallaste,EE,58.655,27.1592,34.03,98,100,7.72,overcast clouds
415,Kalashnikovo,RU,57.2824,35.2262,26.44,95,100,10.0,overcast clouds
416,Karatau,KZ,43.1667,70.4667,31.89,75,93,11.27,overcast clouds
417,Prince Rupert,CA,54.3161,-130.3201,44.69,81,100,12.66,light rain
418,Nabire,ID,-3.3667,135.4833,83.64,71,100,1.43,overcast clouds
419,Ivybridge,GB,50.3904,-3.9191,45.09,86,19,10.4,few clouds
420,Sorland,NO,67.667,12.6934,35.38,87,100,12.71,overcast clouds
421,Manzanillo,CU,20.3433,-77.1167,74.19,69,42,11.9,scattered clouds
422,Turiacu,BR,-1.6633,-45.3717,74.73,95,100,3.38,overcast clouds
423,Margate,GB,51.3813,1.3862,42.75,67,4,11.99,clear sky
424,Kutum,SD,14.2,24.6667,47.77,31,31,8.72,scattered clouds
425,Sur,OM,22.5667,59.5289,69.21,65,0,11.07,clear sky
426,Saint-Joseph,RE,-21.3667,55.6167,75.58,80,78,11.12,broken clouds
427,Urumqi,CN,43.801,87.6005,7.75,67,2,6.71,clear sky
428,Kristianstad,SE,56.0313,14.1524,35.98,97,20,1.99,few clouds
429,Taltal,CL,-25.4,-70.4833,67.96,72,6,4.14,clear sky
430,Kapit,MY,2.0167,112.9333,76.71,96,100,1.54,moderate rain
431,Tsiroanomandidy,MG,-18.7667,46.0333,66.6,93,99,7.54,overcast clouds
432,Porto Santo,PT,33.072,-16.3415,62.51,63,40,14.97,scattered clouds
433,Hirara,JP,24.8,125.2833,68.27,60,75,12.66,broken clouds
434,Ponnani,IN,10.767,75.9252,74.52,81,52,5.97,broken clouds
435,Manati,PR,18.4275,-66.4921,73.87,99,64,10.42,broken clouds
436,Morant Bay,JM,17.8815,-76.4093,76.62,77,4,5.44,clear sky
437,Tadepallegudem,IN,16.8333,81.5,70.14,85,100,4.81,overcast clouds
438,San Juan De La Maguana,DO,18.8059,-71.2299,66.33,85,30,2.06,scattered clouds
439,Guerrero,MX,17.6667,-100.0,64.54,68,40,4.72,scattered clouds
440,Souillac,MU,-20.5167,57.5167,77.38,83,40,6.91,scattered clouds
441,Chifeng,CN,42.2683,118.9636,17.4,50,47,5.86,scattered clouds
442,Casablanca,MA,33.5928,-7.6192,59.32,82,0,4.0,clear sky
443,Ulsteinvik,NO,62.3432,5.8487,39.33,79,90,4.0,overcast clouds
444,Klyuchi,RU,52.2667,79.1667,-2.92,85,5,6.44,clear sky
445,Sistranda,NO,63.7256,8.834,37.36,67,100,26.22,overcast clouds
446,Deer Lake,CA,49.1667,-57.4316,4.86,66,75,8.05,broken clouds
447,Dhidhdhoo,MV,6.8833,73.1,80.76,65,4,8.72,clear sky
448,Tezu,IN,27.9167,96.1667,57.52,54,2,0.69,clear sky
449,Kuandian,CN,40.7286,124.7847,19.89,56,0,1.81,clear sky
450,Mopipi,BW,-21.1833,24.8833,68.74,61,0,12.5,clear sky
451,Ulaangom,MN,49.9811,92.0667,-26.77,93,94,2.66,overcast clouds
452,Aquidaba,BR,-10.2814,-37.0186,73.44,86,3,5.5,clear sky
453,Urucui,BR,-7.2294,-44.5561,75.18,88,100,1.5,overcast clouds
454,Kilindoni,TZ,-7.9139,39.6668,80.58,82,89,11.72,overcast clouds
455,Ipora,BR,-16.4419,-51.1178,69.84,95,93,1.41,light rain
456,Salinopolis,BR,-0.6136,-47.3561,77.54,89,100,7.34,overcast clouds
457,Emba,KZ,48.8264,58.1442,12.22,97,100,9.26,overcast clouds
458,Phonhong,LA,18.5007,102.4166,66.02,65,95,0.2,overcast clouds
459,Yerofey Pavlovich,RU,53.9667,121.9667,4.06,76,80,2.35,broken clouds
460,Srivardhan,IN,18.0333,73.0167,67.21,80,24,5.35,few clouds
461,Tucuman,AR,-26.8241,-65.2226,68.0,88,75,3.44,broken clouds
462,Kargasok,RU,59.0556,80.8572,-1.55,100,97,4.92,overcast clouds
463,Hami,CN,42.8,93.45,24.66,37,73,5.84,broken clouds
464,Bunia,CD,1.5667,30.25,61.7,42,85,2.73,overcast clouds
465,Mount Isa,AU,-20.7333,139.5,87.57,42,5,10.36,clear sky
466,Poso,ID,-1.3959,120.7524,84.9,64,97,3.53,overcast clouds
467,Ixtapa,MX,20.7,-105.2,73.22,83,75,10.36,broken clouds
468,Timizart,DZ,36.8,4.2667,45.91,88,6,2.66,clear sky
469,Havoysund,NO,70.9963,24.6622,25.68,77,61,15.61,broken clouds
470,Tilichiki,RU,60.4667,166.1,-5.12,78,1,9.13,clear sky
471,Pitimbu,BR,-7.4706,-34.8086,79.39,72,0,10.2,clear sky
472,Whitehorse,CA,60.7161,-135.0538,35.31,80,75,17.0,broken clouds
473,Tarakan,ID,3.3,117.6333,80.1,89,40,9.22,scattered clouds
474,Berezovyy,RU,51.6667,135.7,8.31,86,100,2.01,overcast clouds
475,Mitu,CO,1.1983,-70.1733,71.82,97,100,1.28,overcast clouds
476,Bontang,ID,0.1333,117.5,82.15,75,100,12.62,overcast clouds
477,Avera,US,33.194,-82.5271,43.72,55,100,8.68,overcast clouds
478,Sungaipenuh,ID,-2.0833,101.3833,70.83,70,100,3.89,overcast clouds
479,Wiarton,CA,44.7407,-81.1332,28.24,74,75,5.75,broken clouds
480,Fort Nelson,CA,58.8053,-122.7002,17.19,93,75,2.3,broken clouds
481,Pallavaram,IN,12.9761,80.1836,78.91,94,20,3.44,mist
482,Bilibino,RU,68.0546,166.4372,-10.53,78,17,3.96,few clouds
483,Samarai,PG,-10.6167,150.6667,85.44,68,93,11.27,overcast clouds
484,Panaba,MX,21.2833,-88.2667,68.41,85,0,6.73,clear sky
485,Pacific Grove,US,36.6177,-121.9166,67.01,69,0,1.01,clear sky
486,Kenora,CA,49.8167,-94.4337,4.39,85,20,3.44,few clouds
487,Brasilia De Minas,BR,-16.2064,-44.4333,64.81,98,96,1.88,overcast clouds
488,Coquimbo,CL,-29.9533,-71.3436,64.13,82,100,5.75,overcast clouds
489,Beringovskiy,RU,63.05,179.3167,-12.82,94,19,5.19,few clouds
490,Cravo Norte,CO,6.3017,-70.2041,86.97,41,100,3.04,overcast clouds
491,Santo Antonio Do Ica,BR,-3.1022,-67.9397,73.78,95,85,1.63,overcast clouds
492,Bela,IN,25.9333,81.9833,50.7,73,0,2.66,clear sky
493,Santiago Del Estero,AR,-27.7951,-64.2615,71.78,49,0,5.73,clear sky
494,Sao Carlos,BR,-22.0175,-47.8908,70.63,95,100,1.86,overcast clouds
495,Nanortalik,GL,60.1432,-45.2371,18.88,65,100,42.73,overcast clouds
496,Russell,US,32.3502,-85.1999,51.03,71,100,5.61,overcast clouds
497,Linjiang,CN,41.8069,126.9078,16.32,74,94,1.97,overcast clouds
498,Ivdel,RU,60.6911,60.4206,4.35,98,100,3.83,overcast clouds
499,Espanola,US,35.9911,-106.0806,33.71,84,72,3.15,broken clouds
500,Kingman,US,35.1894,-114.053,58.48,19,0,14.97,clear sky
501,Yichang,CN,30.7144,111.2847,34.5,96,100,2.24,light snow
502,Letka,RU,59.6011,49.4232,16.39,98,100,3.18,light snow
503,Tyup,KG,42.7276,78.3648,21.58,74,100,5.93,overcast clouds
504,Priiskovyy,RU,51.9333,116.6333,-5.06,98,96,1.39,overcast clouds
505,Kaniv,UA,49.7518,31.46,27.99,85,79,9.46,broken clouds
506,Ginir,ET,7.1333,40.7,56.07,25,59,4.09,broken clouds
507,Wyndham,US,37.6985,-77.6125,35.98,53,100,1.99,overcast clouds
508,Izhma,RU,65.0083,53.9113,16.75,87,100,10.25,overcast clouds
509,Gayny,RU,60.3071,54.3241,15.66,91,100,6.08,overcast clouds
510,Menongue,AO,-14.6585,17.691,59.13,97,100,4.54,light rain
511,Sao Jose Da Coroa Grande,BR,-8.8978,-35.1478,78.73,75,34,8.01,scattered clouds
512,Rivne,UA,50.6231,26.2274,37.83,95,100,15.17,overcast clouds
513,Korla,CN,41.7597,86.1469,22.6,49,73,3.51,broken clouds
514,Kashi,CN,39.4547,75.9797,26.22,79,40,4.47,scattered clouds
515,Alice Springs,AU,-23.7,133.8833,83.75,30,0,9.22,clear sky
516,Alappuzha,IN,9.49,76.3264,74.12,84,16,5.59,few clouds
517,Muli,MV,2.9167,73.5667,81.45,63,14,11.41,few clouds
518,Deputatskiy,RU,69.3,139.9,-32.8,95,83,4.76,broken clouds
519,Bagotville,AU,-28.9833,153.4167,76.89,88,94,15.32,overcast clouds
520,Hilliard,US,40.0334,-83.1582,30.09,89,0,1.99,clear sky
521,Matamoros,MX,25.5333,-103.25,62.71,49,75,4.61,broken clouds
522,Bay Roberts,CA,47.5999,-53.2648,13.51,57,15,11.27,few clouds
523,Canavieiras,BR,-15.675,-38.9472,76.15,86,60,4.45,broken clouds
524,Laval,CA,45.57,-73.692,24.03,79,100,4.61,overcast clouds
525,Araouane,ML,18.9048,-3.5265,63.0,13,0,7.96,clear sky
526,Padang,ID,-0.9492,100.3543,75.25,72,100,1.05,overcast clouds
527,Gourcy,BF,13.2167,-2.35,66.72,15,0,10.2,clear sky
528,Santa Ines,BR,-3.6667,-45.38,73.42,97,100,2.89,overcast clouds
529,Parintins,BR,-2.6283,-56.7358,73.44,97,100,2.68,light rain
530,Marsh Harbour,BS,26.5412,-77.0636,73.87,74,38,12.35,scattered clouds
531,Talaya,RU,61.3833,152.75,-18.53,79,3,0.45,clear sky
532,Zhangye,CN,38.9342,100.4517,15.89,66,1,0.4,clear sky
533,Kostino,RU,58.9097,53.2691,11.8,97,100,5.03,overcast clouds
534,Smidovich,RU,48.6,133.8167,0.7,92,94,2.75,overcast clouds
535,Imperia,IT,43.9667,7.7833,45.41,74,7,5.14,clear sky
536,Hobyo,SO,5.3505,48.5268,75.7,71,100,17.63,overcast clouds
537,Koster,ZA,-25.863,26.8976,55.98,77,7,5.32,clear sky
538,Newcastle,AU,-32.9272,151.7765,76.98,55,40,20.71,scattered clouds
539,Shubarshi,KZ,48.5872,57.1869,10.8,97,97,7.83,overcast clouds
540,Minnedosa,CA,50.2453,-99.8436,0.16,97,100,8.21,light snow
541,Kisangani,CD,0.5167,25.2,68.04,55,100,1.25,overcast clouds
542,Salumbar,IN,24.1333,74.05,47.68,44,0,2.44,clear sky
543,Huarmey,PE,-10.0681,-78.1522,71.44,77,100,6.64,overcast clouds
544,San Policarpo,PH,12.1791,125.5072,82.13,74,40,15.95,scattered clouds
545,Sao Gabriel Da Cachoeira,BR,-0.1303,-67.0892,72.82,97,97,1.68,overcast clouds
546,Labuan,MY,5.2767,115.2417,82.76,78,40,5.99,scattered clouds
547,Novopokrovka,UA,49.8425,36.5477,32.38,92,49,7.58,light snow
548,Beloha,MG,-25.1667,45.05,74.1,93,100,14.36,light rain
549,Acapulco,MX,16.8634,-99.8901,82.22,65,0,9.22,clear sky
550,Walvis Bay,NA,-22.9575,14.5053,70.75,83,91,4.61,overcast clouds
551,Palm Beach,US,26.6503,-80.4498,75.2,89,15,5.19,few clouds
552,Banda Aceh,ID,5.5577,95.3222,77.16,86,100,6.08,overcast clouds
553,Fernley,US,39.608,-119.2518,52.66,28,0,1.01,clear sky
554,Kalemie,CD,-5.9475,29.1947,68.13,92,100,6.29,light rain
555,Khanna,IN,30.7044,76.2231,48.49,81,76,1.95,broken clouds
556,Damghan,IR,36.1683,54.348,32.43,68,95,1.23,overcast clouds
557,Klaebu,NO,63.2976,10.4826,35.85,94,100,24.54,overcast clouds
558,Xingyi,CN,24.1877,102.817,48.4,72,11,3.89,few clouds
559,Zhezkazgan,KZ,47.8043,67.7144,24.78,86,100,26.84,overcast clouds
560,Moron,AR,-34.6534,-58.6198,67.96,74,12,6.8,few clouds
561,Ulverstone,AU,-41.15,146.1667,71.29,56,0,8.9,clear sky
562,Fez,MA,34.0372,-4.9998,53.85,71,0,6.91,clear sky
563,Trat,TH,12.5,102.5,83.25,51,100,8.34,overcast clouds
564,Xiamen,CN,24.4798,118.0819,55.45,82,100,2.24,light intensity drizzle
565,Paamiut,GL,61.994,-49.6678,9.84,70,100,29.91,overcast clouds
566,Abu Samrah,SY,35.3029,37.1841,47.16,89,94,6.2,overcast clouds
567,Kununurra,AU,-15.7667,128.7333,80.58,83,100,6.91,overcast clouds
568,Lvovskoye,RU,44.9944,38.6354,33.96,86,84,6.49,broken clouds
569,Sayyan,YE,15.1718,44.3244,48.92,54,25,2.84,scattered clouds
570,Villa Del Rosario,CO,7.8339,-72.4742,75.58,78,75,4.61,broken clouds
571,Edd,ER,13.9297,41.6925,73.76,72,87,6.53,overcast clouds
572,Baragua,CU,21.6967,-78.6328,70.65,71,1,10.74,clear sky
573,Srednekolymsk,RU,67.45,153.6833,-26.46,96,36,1.54,scattered clouds
574,Ambilobe,MG,-13.2,49.05,72.23,95,29,1.72,scattered clouds
575,Rundu,NA,-17.9333,19.7667,66.34,88,98,5.17,light rain
576,Homer,US,59.6425,-151.5483,30.09,86,75,13.8,broken clouds
577,The Valley,AI,18.217,-63.0578,77.09,71,84,22.97,broken clouds
578,Stokmarknes,NO,68.5646,14.9108,30.49,74,100,4.81,overcast clouds
579,Jumla,NP,29.2747,82.1838,37.18,47,90,3.58,overcast clouds
580,Iwanai,JP,42.9744,140.5089,29.35,67,100,10.67,overcast clouds
581,Talara,PE,-4.5772,-81.2719,71.44,85,40,9.98,scattered clouds
582,Tiarei,PF,-17.5333,-149.3333,86.02,74,69,20.58,light rain
583,Mina,MX,26.0011,-100.5299,70.5,47,86,7.11,overcast clouds
584,Prieska,ZA,-29.6641,22.7474,73.85,56,87,4.72,overcast clouds
585,Gazli,UZ,40.1333,63.45,34.25,66,96,4.0,overcast clouds
586,Umuarama,BR,-23.7664,-53.325,68.32,60,4,9.22,clear sky
587,Tala,EG,30.6803,30.9429,46.78,68,0,3.29,clear sky
588,Cayenne,GF,4.9333,-52.3333,80.1,87,75,1.99,broken clouds
589,Dauphin,CA,51.1494,-100.0502,3.34,72,100,4.61,overcast clouds
590,Clarence Town,AU,-32.5833,151.7833,76.95,60,85,9.4,overcast clouds
591,Kurikka,FI,62.6167,22.4167,30.63,91,100,8.21,overcast clouds
592,Tottori,JP,35.5,134.2333,35.67,80,40,5.75,scattered clouds
593,Tazovskiy,RU,67.4667,78.7,-25.1,100,89,0.49,overcast clouds
594,Mweka,CD,-4.85,21.5667,68.0,98,100,0.16,overcast clouds
595,Salalah,OM,17.0151,54.0924,75.29,25,0,16.11,clear sky
596,Biltine,TD,14.5333,20.9167,61.07,19,0,14.14,clear sky
597,Umm Kaddadah,SD,13.6017,26.6876,53.31,29,82,14.29,broken clouds
598,Guia De Isora,ES,28.2115,-16.7795,59.72,68,9,1.99,clear sky
599,Yartsevo,RU,55.0667,32.6964,29.26,94,99,11.23,light snow
600,Raudeberg,NO,61.9875,5.1352,39.2,88,100,4.0,overcast clouds
601,Buraydah,SA,26.326,43.975,45.05,46,0,6.76,clear sky
602,Pontes E Lacerda,BR,-15.2261,-59.3353,70.27,98,100,0.96,overcast clouds
603,Camabatela,AO,-8.1881,15.375,59.31,98,100,2.08,overcast clouds
604,Sechura,PE,-5.5569,-80.8222,72.54,74,80,13.98,broken clouds
605,Pundaguitan,PH,6.3711,126.1689,80.42,78,61,18.75,broken clouds
606,Avanigadda,IN,16.0215,80.9181,69.94,82,29,3.87,scattered clouds
607,Maloyaroslavets,RU,55.0146,36.4719,30.29,95,100,9.22,snow
608,Baijiantan,CN,45.6333,85.1833,0.45,89,4,1.88,clear sky
609,Baykit,RU,61.67,96.37,-11.78,100,50,3.42,scattered clouds
610,Zyryanka,RU,65.75,150.85,-27.51,95,24,4.34,few clouds
611,Wesley,DM,15.5667,-61.3167,76.86,78,77,13.22,broken clouds
612,Wamba,NG,8.9333,8.6,69.84,23,0,4.52,clear sky
613,Manokwari,ID,-0.8667,134.0833,82.47,68,100,4.36,overcast clouds
614,Riohacha,CO,11.5444,-72.9072,75.79,82,1,10.36,clear sky
615,Valley City,US,46.9233,-98.0032,7.79,85,58,0.0,broken clouds
616,Llangefni,GB,53.2556,-4.3106,44.73,75,20,11.5,few clouds
617,Tiznit,MA,29.5833,-9.5,61.21,23,4,6.26,clear sky
618,Sinnamary,GF,5.3833,-52.95,77.11,89,100,8.3,overcast clouds
619,Rio Grande,BR,-32.035,-52.0986,64.51,61,0,14.74,clear sky
620,Vanavara,RU,60.34,102.2797,-14.55,100,100,1.63,overcast clouds
621,Nemuro,JP,43.3236,145.575,28.83,71,25,11.81,scattered clouds
622,Reconquista,AR,-29.15,-59.65,65.28,38,0,6.82,clear sky
623,Mandalgovi,MN,45.7625,106.2708,6.85,62,8,3.31,clear sky
624,San Cristobal,VE,7.7669,-72.225,69.98,90,26,1.28,scattered clouds
625,Yakeshi,CN,49.2833,120.7333,1.02,94,100,3.74,overcast clouds
626,Camopi,GF,3.1655,-52.3158,71.85,99,100,1.88,overcast clouds
627,Mustla,EE,58.2343,25.8584,33.82,99,100,6.29,light snow
628,Bukachacha,RU,52.9833,116.9167,4.8,82,13,1.52,few clouds
629,Aleppo,SY,36.25,37.5,42.1,76,0,6.15,clear sky
630,Shiraz,IR,29.6036,52.5388,29.64,74,0,0.0,clear sky
631,Palafrugell,ES,41.9174,3.1631,46.35,52,57,3.0,broken clouds
632,Pilar,BR,-9.5972,-35.9567,75.13,81,4,4.29,clear sky
633,Tupik,RU,54.4253,119.9327,-2.04,90,69,2.28,broken clouds
634,Willmar,US,45.1219,-95.0433,6.82,78,0,10.36,clear sky
635,Samana,DO,19.2056,-69.3369,71.58,90,25,8.95,scattered clouds
636,Constantine,DZ,36.365,6.6147,40.41,93,20,2.3,few clouds
637,Vostok,RU,46.4856,135.8833,5.11,83,98,4.14,overcast clouds
638,Yerbogachen,RU,61.2767,108.0108,-10.62,99,98,2.66,overcast clouds
639,Sokoni,TZ,-6.4333,39.55,76.86,87,100,10.69,moderate rain
640,Biritiba-Mirim,BR,-23.5698,-46.0407,73.18,97,100,1.59,heavy intensity rain
641,El Naranjo,MX,21.4667,-98.6,56.48,84,5,5.82,clear sky
642,Ivanava,BY,52.1451,25.5365,34.16,98,100,18.39,snow
643,Gamba,GA,-2.65,10.0,76.3,92,16,4.54,few clouds
644,Makakilo City,US,21.3469,-158.0858,80.92,59,20,9.22,few clouds
645,Ust-Tsilma,RU,65.441,52.1498,15.8,90,100,9.62,overcast clouds
646,Alyangula,AU,-13.8483,136.4192,85.87,74,55,3.44,broken clouds
647,Olovyannaya,RU,50.95,115.5667,3.74,96,66,1.68,broken clouds
648,Chicama,PE,-7.8447,-79.1469,66.74,73,99,5.35,overcast clouds
649,Santa Cruz De La Palma,ES,28.6835,-17.7642,66.15,77,75,12.66,broken clouds
650,Buchanan,LR,5.8808,-10.0467,78.76,85,84,5.32,light rain
651,Chaoyang,CN,41.5703,120.4586,20.7,61,92,3.42,overcast clouds
652,Palenque,MX,17.5167,-91.9667,69.96,88,75,0.0,broken clouds
653,Nantucket,US,41.2835,-70.0995,32.14,70,0,10.36,clear sky
654,Tatarsk,RU,55.219,75.9828,-0.53,86,83,8.14,broken clouds
655,Wexford,IE,52.3342,-6.4575,45.12,89,66,8.01,broken clouds
656,San Rafael Del Sur,NI,11.8485,-86.4384,83.37,50,0,15.05,clear sky
657,Sampit,ID,-2.5333,112.95,74.64,95,100,1.74,overcast clouds
658,Primorskiy,RU,43.0983,131.5875,8.19,52,2,5.17,clear sky
659,Campo De Criptana,ES,39.4046,-3.1249,41.13,35,28,6.82,scattered clouds
660,Nuuk,GL,64.1835,-51.7216,9.21,56,75,9.22,broken clouds
661,Xining,CN,36.6167,101.7667,10.99,80,89,1.54,overcast clouds
662,Bafq,IR,31.6128,55.4107,42.19,36,0,0.49,clear sky
663,Rawson,AR,-43.3002,-65.1023,65.03,47,0,17.98,clear sky
664,Port Blair,IN,11.6667,92.75,77.04,88,40,8.05,scattered clouds
665,Changji,CN,44.0167,87.3167,11.19,67,7,6.71,clear sky
666,Datong,CN,40.0936,113.2914,20.32,31,100,1.72,overcast clouds
667,Caconda,AO,-13.7333,15.0667,60.04,60,100,0.83,overcast clouds
668,Montes Altos,BR,-5.8333,-47.0667,72.1,95,88,3.36,overcast clouds
669,Ostersund,SE,63.1792,14.6357,25.61,100,100,8.05,overcast clouds
670,Itubera,BR,-13.7322,-39.1492,73.08,94,59,0.56,broken clouds
671,Ugoofaaru,MV,5.6667,73.0,80.44,72,62,9.64,broken clouds
672,Vila,PT,42.0304,-8.1588,40.33,80,64,5.44,broken clouds
673,Khash,IR,28.2211,61.2158,45.27,36,6,6.87,clear sky
674,Dongying,CN,37.4564,118.4856,34.77,29,100,2.77,overcast clouds
675,Yumen,CN,40.2833,97.2,13.39,70,100,10.85,overcast clouds
676,Salta,AR,-24.7859,-65.4117,59.59,90,75,1.99,broken clouds
677,Bouafle,CI,6.9904,-5.7442,78.82,83,96,2.91,overcast clouds
